{
    "mse": 108.12238788132105,
    "r2": 0.9429657225304798
}