{
    "mse": 91.78770879849007,
    "r2": 0.9515822231224603
}